{"cameraMode":{"drawMode":0,"name":"Shaded","section":"Shading Mode"},"sceneLighting":false,"audioPlay":false,"sceneViewState":{"m_AlwaysRefresh":false,"showFog":true,"showSkybox":true,"showFlares":true,"showImageEffects":true,"showParticleSystems":true,"showVisualEffectGraphs":true,"m_FxEnabled":true},"in2DMode":false,"pivot":{"x":32.908809661865237,"y":18.805130004882814,"z":8.456031799316407},"rotation":{"x":-0.02642601542174816,"y":0.9383057355880737,"z":-0.07363218814134598,"w":-0.3368823528289795},"size":16.558897018432618,"orthographic":false}